,name,company,year,Price,kms_driven,fuel_type
0,Hyundai Santro Xing,Hyundai,2007.0,80000.0,45000.0,Petrol
1,Mahindra Jeep CL550,Mahindra,2006.0,425000.0,40.0,Diesel
2,Maruti Suzuki Alto,Maruti,2018.0,,22000.0,Petrol
3,Hyundai Grand i10,Hyundai,2014.0,325000.0,28000.0,Petrol
4,Ford EcoSport Titanium,Ford,2014.0,575000.0,36000.0,Diesel
5,Ford EcoSport Titanium,Ford,2015.0,,59000.0,Diesel
6,Ford Figo,Ford,2012.0,175000.0,41000.0,Diesel
7,Hyundai Eon,Hyundai,2013.0,190000.0,25000.0,Petrol
8,Ford EcoSport Ambiente,Ford,2016.0,830000.0,24530.0,Diesel
9,Maruti Suzuki Alto,Maruti,2015.0,250000.0,60000.0,Petrol
10,Skoda Fabia Classic,Skoda,2010.0,182000.0,60000.0,Petrol
11,Maruti Suzuki Stingray,Maruti,2015.0,315000.0,30000.0,Petrol
12,Hyundai Elite i20,Hyundai,2014.0,415000.0,32000.0,Petrol
13,Mahindra Scorpio SLE,Mahindra,2015.0,320000.0,48660.0,Diesel
14,Audi A8,Audi,2017.0,1000000.0,4000.0,Petrol
15,Audi Q7,Audi,2014.0,500000.0,16934.0,Diesel
16,Mahindra Scorpio S10,Mahindra,2016.0,350000.0,43000.0,Diesel
17,Maruti Suzuki Alto,Maruti,2014.0,160000.0,35550.0,Petrol
18,Mahindra Scorpio S10,Mahindra,2016.0,310000.0,39522.0,Diesel
19,Maruti Suzuki Alto,Maruti,2015.0,75000.0,39000.0,Petrol
20,Hyundai i20 Sportz,Hyundai,2012.0,100000.0,55000.0,Petrol
21,Maruti Suzuki Alto,Maruti,2017.0,190000.0,72000.0,Petrol
22,Maruti Suzuki Vitara,Maruti,2016.0,290000.0,15975.0,Diesel
23,Maruti Suzuki Alto,Maruti,2008.0,95000.0,70000.0,Petrol
24,Mahindra Bolero DI,Mahindra,2017.0,180000.0,23452.0,Diesel
25,Maruti Suzuki Swift,Maruti,2014.0,385000.0,35522.0,Diesel
26,Mahindra Scorpio S10,Mahindra,2015.0,250000.0,48508.0,Diesel
27,Maruti Suzuki Swift,Maruti,2017.0,180000.0,15487.0,Petrol
28,Maruti Suzuki Wagon,Maruti,2013.0,105000.0,39000.0,Petrol
29,Maruti Suzuki Wagon,Maruti,2013.0,105000.0,39000.0,Petrol
30,Toyota Innova 2.0,Toyota,2012.0,650000.0,82000.0,Diesel
31,Renault Lodgy 85,Renault,2018.0,689999.0,20000.0,Diesel
32,Skoda Yeti Ambition,Skoda,2012.0,448000.0,68000.0,Diesel
33,Maruti Suzuki Baleno,Maruti,2017.0,549000.0,32000.0,Diesel
34,Renault Duster 110,Renault,2012.0,501000.0,38000.0,Diesel
35,Renault Duster 85,Renault,2013.0,489999.0,27000.0,Diesel
36,Honda City 1.5,Honda,2011.0,280000.0,33000.0,Petrol
37,Maruti Suzuki Dzire,Maruti,2013.0,349999.0,46000.0,Diesel
38,Honda Amaze,Honda,2013.0,284999.0,46000.0,Diesel
39,Honda Amaze 1.5,Honda,2015.0,345000.0,36000.0,Diesel
40,Honda City,Honda,2015.0,499999.0,55000.0,Petrol
41,Datsun Redi GO,Datsun,2017.0,235000.0,16000.0,Petrol
42,Maruti Suzuki SX4,Maruti,2010.0,249999.0,36000.0,Petrol
43,Mitsubishi Pajero Sport,Mitsubishi,2015.0,1475000.0,47000.0,Diesel
44,Mahindra Scorpio S10,Mahindra,2015.0,395000.0,35000.0,Diesel
45,Maruti Suzuki Swift,Maruti,2017.0,220000.0,30874.0,Petrol
46,Honda City ZX,Honda,2017.0,170000.0,15000.0,Diesel
47,Maruti Suzuki Wagon,Maruti,2013.0,85000.0,29685.0,Petrol
48,Tata Indigo eCS,Tata,2017.0,200000.0,130000.0,Diesel
49,Mahindra Scorpio SLE,Mahindra,2012.0,570000.0,19000.0,Diesel
50,Volkswagen Polo Highline,Volkswagen,2014.0,315000.0,60000.0,Petrol
51,I want to,I,2017.0,,,Diesel
52,Chevrolet Spark LS,Chevrolet,2010.0,110000.0,41000.0,Petrol
53,Renault Duster 110PS,Renault,2012.0,501000.0,35000.0,Diesel
54,Honda City,Honda,2015.0,448999.0,54000.0,Petrol
55,Mini Cooper S,Mini,2013.0,1891111.0,13000.0,Petrol
56,Skoda Fabia 1.2L,Skoda,2011.0,159500.0,38200.0,Diesel
57,Honda Amaze,Honda,2015.0,344999.0,22000.0,Petrol
58,Renault Duster,Renault,2014.0,449999.0,50000.0,Diesel
59,Mini Cooper S,Mini,2013.0,1891111.0,13500.0,Petrol
60,Mahindra Scorpio S4,Mahindra,2015.0,865000.0,30000.0,Diesel
61,Mahindra Scorpio VLX,Mahindra,2014.0,699000.0,50000.0,Diesel
62,Mahindra Quanto C8,Mahindra,2013.0,375000.0,20000.0,Diesel
63,Ford EcoSport,Ford,2017.0,489999.0,39000.0,Petrol
64,Honda Brio,Honda,2012.0,224999.0,30000.0,Petrol
65,Volkswagen Vento Highline,Volkswagen,2019.0,1200000.0,3600.0,Diesel
66,Hyundai i20 Magna,Hyundai,2009.0,195000.0,32000.0,Petrol
67,Toyota Corolla Altis,Toyota,2010.0,351000.0,38000.0,Diesel
68,Hyundai Verna Transform,Hyundai,2008.0,160000.0,45000.0,Petrol
69,Toyota Corolla Altis,Toyota,2009.0,240000.0,35000.0,Petrol
70,Honda City 1.5,Honda,2005.0,90000.0,50000.0,Petrol
71,Skoda Fabia 1.2L,Skoda,2011.0,155000.0,45863.0,Diesel
72,BMW 3 Series,BMW,2011.0,600000.0,60500.0,Petrol
73,Maruti Suzuki A,Maruti,2011.0,189500.0,12500.0,Petrol
74,Toyota Etios GD,Toyota,2013.0,350000.0,60000.0,Diesel
75,Ford Figo Diesel,Ford,2012.0,210000.0,35000.0,Diesel
76,Maruti Suzuki Swift,Maruti,2014.0,390000.0,35000.0,Petrol
77,Chevrolet Beat LT,Chevrolet,2012.0,135000.0,45000.0,Diesel
78,BMW 7 Series,BMW,2009.0,1600000.0,35000.0,Petrol
79,Mahindra XUV500 W8,Mahindra,2013.0,701000.0,38000.0,Diesel
80,Hyundai i10 Magna,Hyundai,2014.0,265000.0,18000.0,Petrol
81,Hyundai Verna Fluidic,Hyundai,2015.0,525000.0,35000.0,Diesel
82,Maruti Suzuki Swift,Maruti,2013.0,372000.0,13349.0,Petrol
83,Maruti Suzuki Ertiga,Maruti,2016.0,635000.0,29000.0,Petrol
84,Ford EcoSport Titanium,Ford,2014.0,550000.0,44000.0,Diesel
85,Maruti Suzuki Ertiga,Maruti,2016.0,575000.0,29000.0,Petrol
86,Maruti Suzuki Ertiga,Maruti,2013.0,485000.0,42000.0,Diesel
87,Maruti Suzuki Alto,Maruti,2012.0,155000.0,14000.0,Petrol
88,Hyundai Grand i10,Hyundai,2014.0,345000.0,49000.0,Diesel
89,Honda Amaze 1.2,Honda,2014.0,325000.0,42000.0,Petrol
90,Hyundai i20 Asta,Hyundai,2012.0,329500.0,36200.0,Diesel
91,Ford Figo Diesel,Ford,2014.0,195000.0,50000.0,Diesel
92,Maruti Suzuki Eeco,Maruti,2015.0,251111.0,55000.0,Petrol
93,Maruti Suzuki Ertiga,Maruti,2014.0,569999.0,45000.0,Petrol
94,Maruti Suzuki Esteem,Maruti,2007.0,69999.0,51000.0,Petrol
95,Maruti Suzuki Ritz,Maruti,2014.0,299999.0,19000.0,Petrol
96,Maruti Suzuki Dzire,Maruti,2009.0,220000.0,46000.0,Petrol
97,Maruti Suzuki Ritz,Maruti,2013.0,399999.0,33000.0,Diesel
98,Maruti Suzuki Dzire,Maruti,2015.0,450000.0,104000.0,Diesel
99,Toyota Etios Liva,Toyota,2014.0,270000.0,55000.0,Petrol
100,Hyundai i20 Sportz,Hyundai,2011.0,350000.0,33333.0,Diesel
101,Chevrolet Spark,Chevrolet,2012.0,158400.0,33600.0,Petrol
102,Maruti Suzuki Alto,Maruti,2017.0,350000.0,5600.0,Petrol
103,Nissan Micra XV,Nissan,2011.0,179000.0,41000.0,Petrol
104,Maruti Suzuki Swift,Maruti,2007.0,125000.0,70000.0,Petrol
105,Maruti Suzuki Alto,Maruti,2018.0,200000.0,7500.0,Petrol
106,Honda Amaze 1.5,Honda,2013.0,299000.0,45000.0,Diesel
107,Maruti Suzuki Alto,Maruti,2015.0,220000.0,38000.0,Petrol
108,Chevrolet Beat,Chevrolet,2015.0,150000.0,30000.0,Petrol
109,Toyota Corolla,Toyota,2009.0,275000.0,26000.0,Diesel
110,Honda City 1.5,Honda,2010.0,285000.0,35000.0,Petrol
111,Ford EcoSport Trend,Ford,2016.0,830000.0,24330.0,Diesel
112,Hyundai i20 Asta,Hyundai,2009.0,210000.0,65480.0,Petrol
113,Maruti Suzuki Swift,Maruti,2013.0,340000.0,41000.0,Petrol
114,Tata Indica V2,Tata,2006.0,90000.0,20000.0,Petrol
115,Maruti Suzuki Alto,Maruti,2018.0,,28028.0,Petrol
116,Hindustan Motors Ambassador,Hindustan,2000.0,70000.0,200000.0,Diesel
117,Toyota Corolla Altis,Toyota,2010.0,289999.0,70000.0,Petrol
118,Toyota Corolla Altis,Toyota,2012.0,349999.0,59000.0,Petrol
119,Toyota Innova 2.5,Toyota,2012.0,849999.0,99000.0,Diesel
120,Volkswagen Jetta Highline,Volkswagen,2014.0,749999.0,46000.0,Diesel
121,Volkswagen Polo Comfortline,Volkswagen,2015.0,399999.0,2800.0,Petrol
122,Volkswagen Polo,Volkswagen,2014.0,274999.0,32000.0,Petrol
123,Mahindra Scorpio,Mahindra,2015.0,984999.0,22000.0,Diesel
124,Nissan Sunny,Nissan,2012.0,224999.0,45000.0,Petrol
125,Hyundai Elite i20,Hyundai,2018.0,599999.0,21000.0,Petrol
126,Renault Kwid,Renault,2016.0,244999.0,11000.0,Petrol
127,Renault Duster,Renault,2013.0,399999.0,41000.0,Diesel
128,Renault Duster,Renault,2014.0,474999.0,50000.0,Diesel
129,Mahindra Scorpio VLX,Mahindra,2011.0,499999.0,66000.0,Diesel
130,Maruti Suzuki Alto,Maruti,2018.0,310000.0,3000.0,Petrol
131,Chevrolet Spark LT,Chevrolet,2010.0,85000.0,45000.0,Petrol
132,Datsun Redi GO,Datsun,2016.0,245000.0,7000.0,Petrol
133,Maruti Suzuki Swift,Maruti,2010.0,189500.0,38500.0,Diesel
134,Fiat Punto Emotion,Fiat,2012.0,169500.0,37200.0,Diesel
135,Maruti Suzuki Swift,Maruti,2010.0,159500.0,43200.0,Diesel
136,Toyota Etios GD,Toyota,2013.0,275000.0,24800.0,Petrol
137,Hyundai i20 Sportz,Hyundai,2014.0,370000.0,60000.0,Diesel
138,Hyundai i10 Sportz,Hyundai,2010.0,168000.0,45872.0,Petrol
139,Chevrolet Beat LT,Chevrolet,2011.0,150000.0,40000.0,Diesel
140,Chevrolet Beat LS,Chevrolet,2011.0,145000.0,45000.0,Diesel
141,Chevrolet Beat LT,Chevrolet,2012.0,98500.0,38000.0,Diesel
142,Tata Indigo CS,Tata,2011.0,85000.0,11400.0,Diesel
143,Toyota Corolla Altis,Toyota,2015.0,575000.0,42000.0,Petrol
144,Honda City 1.5,Honda,2014.0,549000.0,39000.0,Petrol
145,Maruti Suzuki Swift,Maruti,2011.0,209000.0,47000.0,Diesel
146,Hyundai Eon Era,Hyundai,2013.0,185000.0,27000.0,Petrol
147,Mahindra Scorpio S10,Mahindra,2015.0,900000.0,97200.0,Diesel
148,Mahindra XUV500,Mahindra,2014.0,699999.0,52000.0,Diesel
149,Ford Fiesta,Ford,2011.0,274999.0,55000.0,Diesel
150,Honda City,Honda,2015.0,599999.0,30000.0,Diesel
151,Maruti Suzuki Wagon,Maruti,2012.0,199999.0,44000.0,Petrol
152,Honda City,Honda,2014.0,544999.0,45000.0,Diesel
153,Hyundai i20,Hyundai,2009.0,199000.0,31000.0,Petrol
154,Tata Indigo eCS,Tata,2016.0,320000.0,175430.0,Diesel
155,Hyundai Fluidic Verna,Hyundai,2015.0,540000.0,38000.0,Diesel
156,"Commercial , DZire",Commercial,,,,Diesel
157,Mahindra Quanto C8,Mahindra,2013.0,340000.0,37000.0,Diesel
158,Fiat Petra ELX,Fiat,2008.0,75000.0,65000.0,Petrol
159,Hyundai Santro Xing,Hyundai,2005.0,49000.0,7500.0,Petrol
160,Maruti Suzuki Ciaz,Maruti,2016.0,700000.0,3350.0,Petrol
161,Maruti Suzuki Zen,Maruti,2000.0,55000.0,60000.0,Petrol
162,Hyundai Creta 1.6,Hyundai,2017.0,895000.0,32000.0,Petrol
163,Tata indigo ecs,Tata,,150000.0,,Diesel
164,Mahindra Scorpio SLX,Mahindra,2007.0,355000.0,75000.0,Diesel
165,Mahindra Scorpio SLE,Mahindra,2012.0,565000.0,62000.0,Diesel
166,Toyota Innova 2.5,Toyota,2006.0,365000.0,73000.0,Diesel
167,Maruti Suzuki Alto,Maruti,2011.0,145000.0,41000.0,Petrol
168,Maruti Suzuki Wagon,Maruti,2011.0,210000.0,35000.0,Petrol
169,Tata Nano Cx,Tata,2013.0,40000.0,2200.0,Petrol
170,Maruti Suzuki Alto,Maruti,2013.0,125000.0,39000.0,Petrol
171,Maruti Suzuki Wagon,Maruti,2009.0,135000.0,45000.0,Petrol
172,Maruti Suzuki Swift,Maruti,2006.0,135000.0,45000.0,Petrol
173,Tata Sumo Victa,Tata,2012.0,285000.0,65000.0,Diesel
174,MARUTI SUZUKI DESI,MARUTI,,400000.0,,Diesel
175,Maruti Suzuki Wagon,Maruti,2010.0,145000.0,54870.0,Petrol
176,Maruti Suzuki Alto,Maruti,2010.0,135000.0,34580.0,Petrol
177,Volkswagen Passat Diesel,Volkswagen,2009.0,450000.0,97000.0,Diesel
178,Renault Scala RxL,Renault,2015.0,375000.0,25000.0,Diesel
179,Hyundai Grand i10,Hyundai,2014.0,365000.0,20000.0,Petrol
180,Hyundai i20 Active,Hyundai,2015.0,500000.0,18000.0,Petrol
181,Mahindra Xylo E4,Mahindra,2012.0,400000.0,35000.0,Diesel
182,Mahindra Jeep MM,Mahindra,2019.0,390000.0,60.0,Diesel
183,Mahindra Bolero SLE,Mahindra,2013.0,330000.0,80200.0,Diesel
184,Force Motors Force,Force,2015.0,580000.0,3200.0,Diesel
185,Maruti Suzuki SX4,Maruti,2012.0,265000.0,46000.0,Diesel
186,Mahindra Jeep CL550,Mahindra,2019.0,379000.0,0.0,Diesel
187,Maruti Suzuki Alto,Maruti,2015.0,219000.0,5000.0,Petrol
188,Mahindra Jeep CL550,Mahindra,2018.0,385000.0,588.0,Diesel
189,Toyota Etios,Toyota,2011.0,275000.0,36000.0,Diesel
190,Volkswagen Polo,Volkswagen,2015.0,330000.0,38000.0,Diesel
191,Honda City ZX,Honda,2008.0,110000.0,45000.0,Petrol
192,Maruti Suzuki Wagon,Maruti,2006.0,80000.0,71200.0,Petrol
193,Honda City VX,Honda,2016.0,519000.0,52000.0,Diesel
194,Mahindra Thar CRDe,Mahindra,2016.0,730000.0,29000.0,Diesel
195,Audi A4 1.8,Audi,2009.0,699000.0,47000.0,Petrol
196,Mercedes Benz GLA,Mercedes,2015.0,2000000.0,20000.0,Diesel
197,Land Rover Freelander,Land,2015.0,2100000.0,30000.0,Diesel
198,Renault Kwid RXT,Renault,2017.0,340000.0,5000.0,Petrol
199,Tata Aria Pleasure,Tata,2014.0,390000.0,35000.0,Diesel
200,Mercedes Benz B,Mercedes,2014.0,1400000.0,31000.0,Petrol
201,Datsun GO T,Datsun,2016.0,245000.0,7000.0,Petrol
202,Tata Indigo eCS,Tata,2016.0,320000.0,175400.0,Diesel
203,Honda Jazz VX,Honda,2016.0,450000.0,41000.0,Petrol
204,Honda Amaze 1.2,Honda,2014.0,311000.0,33000.0,Petrol
205,Honda City,Honda,2012.0,399999.0,45000.0,Petrol
206,Honda City,Honda,2015.0,599999.0,39000.0,Diesel
207,Mahindra Scorpio S4,Mahindra,2015.0,855000.0,30000.0,Diesel
208,Hyundai i20 Active,Hyundai,2015.0,535000.0,37000.0,Diesel
209,Mini Cooper S,Mini,2013.0,1891111.0,13000.0,Petrol
210,Maruti Suzuki Ciaz,Maruti,2017.0,699000.0,14000.0,Petrol
211,Chevrolet Tavera Neo,Chevrolet,2013.0,375000.0,55000.0,Diesel
212,Hyundai Eon Sportz,Hyundai,2012.0,178000.0,30000.0,Petrol
213,Tata Sumo Gold,Tata,2013.0,300000.0,50000.0,Diesel
214,Maruti Suzuki Wagon,Maruti,2003.0,90000.0,45000.0,Petrol
215,Maruti Suzuki Esteem,Maruti,2006.0,95000.0,45000.0,Petrol
216,Maruti Suzuki Eeco,Maruti,2015.0,255000.0,9300.0,Petrol
217,Chevrolet Enjoy 1.4,Chevrolet,2013.0,245000.0,55000.0,Diesel
218,Maruti Suzuki Wagon,Maruti,2015.0,289999.0,22000.0,Petrol
219,Nissan Terrano XL,Nissan,2015.0,499999.0,60000.0,Diesel
220,Renault Duster 85,Renault,2014.0,489999.0,59000.0,Diesel
221,Renault Duster 85,Renault,2015.0,549999.0,19000.0,Diesel
222,Maruti Suzuki Dzire,Maruti,2013.0,380000.0,30000.0,Petrol
223,Renault Kwid RXT,Renault,2018.0,325000.0,15000.0,Petrol
224,Maruti Suzuki Maruti,Maruti,2003.0,57000.0,56758.0,Petrol
225,Renault Kwid 1.0,Renault,2018.0,349999.0,10000.0,Petrol
226,Renault Scala RxL,Renault,2014.0,349999.0,49000.0,Diesel
227,Hyundai Grand i10,Hyundai,2014.0,410000.0,41000.0,Petrol
228,Maruti Suzuki Swift,Maruti,2011.0,225000.0,45000.0,Petrol
229,Chevrolet Beat LS,Chevrolet,2010.0,120000.0,43000.0,Petrol
230,Hyundai Santro Xing,Hyundai,2000.0,59000.0,56450.0,Petrol
231,Chevrolet Beat LS,Chevrolet,2010.0,80000.0,56000.0,Petrol
232,Chevrolet Beat LS,Chevrolet,2015.0,220000.0,32700.0,Petrol
233,Ford EcoSport Titanium,Ford,2016.0,599000.0,30000.0,Diesel
234,Hyundai Accent GLX,Hyundai,2006.0,80000.0,56000.0,Petrol
235,Yama,Yamaha,,55000.0,,Diesel
236,Maruti Suzuki Swift,Maruti,2010.0,,52000.0,Diesel
237,Mahindra TUV300 T4,Mahindra,2016.0,675000.0,9000.0,Diesel
238,Tata Indica V2,Tata,2008.0,150000.0,11000.0,Petrol
239,Tata Indigo CS,Tata,2009.0,72500.0,46000.0,Diesel
240,Maruti Suzuki Swift,Maruti,2019.0,610000.0,73.0,Petrol
241,Mahindra Scorpio VLX,Mahindra,2004.0,230000.0,160000.0,Diesel
242,Tata Indica eV2,Tata,2017.0,,84000.0,Diesel
243,Honda Accord,Honda,2009.0,175000.0,58559.0,Petrol
244,Ford EcoSport Titanium,Ford,2014.0,520000.0,57000.0,Diesel
245,Maruti Suzuki Ertiga,Maruti,2015.0,524999.0,50000.0,Diesel
246,Honda Amaze,Honda,2014.0,299999.0,37000.0,Petrol
247,Maruti Suzuki Dzire,Maruti,2012.0,299999.0,40000.0,Petrol
248,Honda City,Honda,2011.0,284999.0,55000.0,Petrol
249,Mahindra Scorpio 2.6,Mahindra,2007.0,220000.0,170000.0,Diesel
250,Maruti Suzuki Dzire,Maruti,2014.0,424999.0,55000.0,Diesel
251,Honda City,Honda,2015.0,644999.0,39000.0,Petrol
252,Honda Mobilio,Honda,2014.0,399999.0,44000.0,Petrol
253,Toyota Corolla Altis,Toyota,2009.0,199999.0,65000.0,Petrol
254,Honda City,Honda,2014.0,584999.0,39000.0,Petrol
255,Skoda Laura,Skoda,2012.0,349999.0,44000.0,Diesel
256,Renault Duster,Renault,2015.0,449999.0,49000.0,Diesel
257,Maruti Suzuki Ertiga,Maruti,2018.0,799999.0,9000.0,Diesel
258,Maruti Suzuki Dzire,Maruti,2015.0,444999.0,45000.0,Diesel
259,Mahindra XUV500,Mahindra,2014.0,649999.0,47000.0,Diesel
260,Hyundai Verna Fluidic,Hyundai,2012.0,444999.0,40000.0,Diesel
261,Maruti Suzuki Vitara,Maruti,2016.0,689999.0,29000.0,Diesel
262,Maruti Suzuki Wagon,Maruti,2016.0,344999.0,15000.0,Petrol
263,Mahindra Scorpio,Mahindra,2015.0,944999.0,45000.0,Diesel
264,Honda Amaze,Honda,2014.0,274999.0,35000.0,Petrol
265,Mahindra XUV500,Mahindra,2013.0,689999.0,80000.0,Diesel
266,Mahindra Scorpio,Mahindra,2013.0,574999.0,68000.0,Diesel
267,Skoda Laura,Skoda,2013.0,374999.0,50000.0,Diesel
268,Volkswagen Polo,Volkswagen,2010.0,199999.0,60000.0,Diesel
269,Hyundai Elite i20,Hyundai,2016.0,549999.0,9000.0,Petrol
270,Tata Manza Aura,Tata,2012.0,130000.0,72000.0,Diesel
271,Chevrolet Sail UVA,Chevrolet,2013.0,210000.0,60000.0,Petrol
272,Hyundai Verna Fluidic,Hyundai,2013.0,401000.0,45000.0,Diesel
273,Audi A4 2.0,Audi,2012.0,1350000.0,40000.0,Diesel
274,Hyundai Elantra SX,Hyundai,2013.0,600000.0,20000.0,Petrol
275,Mahindra Scorpio VLX,Mahindra,2013.0,610000.0,35000.0,Diesel
276,Mahindra KUV100 K8,Mahindra,2016.0,400000.0,20000.0,Diesel
277,Hyundai Grand i10,Hyundai,2017.0,524999.0,6821.0,Petrol
278,Hyundai i20,Hyundai,2014.0,449999.0,23000.0,Petrol
279,Hyundai Eon,Hyundai,2014.0,174999.0,14000.0,Petrol
280,Hyundai i10,Hyundai,2012.0,244999.0,38000.0,Petrol
281,Hyundai i20 Active,Hyundai,2015.0,574999.0,35000.0,Diesel
282,Datsun Redi GO,Datsun,2017.0,244999.0,22000.0,Petrol
283,Toyota Etios Liva,Toyota,2011.0,239999.0,41000.0,Petrol
284,Hyundai Accent,Hyundai,2010.0,99999.0,45000.0,Petrol
285,Hyundai Verna,Hyundai,2014.0,489999.0,44000.0,Diesel
286,Maruti Suzuki Swift,Maruti,2013.0,324999.0,45000.0,Diesel
287,Toyota Fortuner,Toyota,2011.0,1074999.0,52000.0,Diesel
288,Hyundai i10 Sportz,Hyundai,2012.0,230000.0,34000.0,Petrol
289,Mahindra Bolero Power,Mahindra,2018.0,699000.0,1800.0,Diesel
290,selling car Ta,selling,,,,Diesel
291,Mahindra XUV500,Mahindra,2015.0,1000000.0,15000.0,Diesel
292,Honda City 1.5,Honda,2010.0,240000.0,400000.0,Petrol
293,Chevrolet Spark LT,Chevrolet,2009.0,110000.0,44000.0,Petrol
294,Mahindra XUV500,Mahindra,2016.0,1130000.0,72000.0,Diesel
295,Tata Indigo eCS,Tata,2014.0,250000.0,40000.0,Diesel
296,Tata Zest 90,Tata,,,,Diesel
297,Skoda Rapid Elegance,Skoda,2013.0,340000.0,48000.0,Diesel
298,Tata Vista Quadrajet,Tata,2011.0,120000.0,90000.0,Diesel
299,Maruti Suzuki Alto,Maruti,2015.0,265000.0,12000.0,Petrol
300,Maruti Suzuki Zen,Maruti,2003.0,85000.0,69900.0,Petrol
301,Hyundai i10 Magna,Hyundai,2011.0,175000.0,45000.0,Petrol
302,Maruti Suzuki Swift,Maruti,2016.0,350000.0,166000.0,Diesel
303,Honda City ZX,Honda,2008.0,149000.0,42000.0,Petrol
304,Mahindra Jeep MM,Mahindra,2006.0,425000.0,122.0,Diesel
305,Chevrolet Beat Diesel,Chevrolet,2017.0,150000.0,62000.0,Diesel
306,Honda City 1.5,Honda,2010.0,225000.0,70000.0,Petrol
307,Maruti Suzuki Swift,Maruti,,300000.0,,Diesel
308,Hyundai Verna 1.4,Hyundai,2014.0,375000.0,36000.0,Petrol
309,Toyota Innova 2.5,Toyota,2012.0,770000.0,0.0,Diesel
310,Maruti Suzuki Alto,Maruti,2018.0,,24000.0,Petrol
311,Maruti Suzuki Maruti,Maruti,1995.0,30000.0,55000.0,Petrol
312,Maruti Suzuki Swift,Maruti,2014.0,335000.0,55000.0,Diesel
313,Hyundai Elite i20,Hyundai,2015.0,450000.0,20000.0,Diesel
314,Maruti Suzuki Swift,Maruti,2012.0,225000.0,40000.0,Petrol
315,Maruti Suzuki Swift,Maruti,,300000.0,,Diesel
316,Maruti Suzuki Versa,Maruti,2004.0,80000.0,50000.0,Petrol
317,Tata Indigo LX,Tata,2016.0,130000.0,104000.0,Diesel
318,Volkswagen Vento Konekt,Volkswagen,2011.0,245000.0,65000.0,Diesel
319,Mercedes Benz C,Mercedes,2002.0,399000.0,41000.0,Petrol
320,Maruti Suzuki Ertiga,Maruti,2013.0,450000.0,90000.0,Diesel
321,URJE,URJENT,,180000.0,,Diesel
322,Honda City,Honda,2000.0,65000.0,80000.0,Petrol
323,Hyundai Santro Xing,Hyundai,2006.0,75000.0,46000.0,Petrol
324,Maruti Suzuki Omni,Maruti,2001.0,70000.0,70000.0,Petrol
325,Hyundai Sonata Transform,Hyundai,2017.0,190000.0,36469.0,Diesel
326,Hyundai Elite i20,Hyundai,2018.0,600000.0,7800.0,Petrol
327,Maruti Suzuki Alto,Maruti,2017.0,240000.0,60000.0,Petrol
328,Maruti Suzuki Alto,Maruti,2011.0,155000.0,32000.0,Petrol
329,Honda Jazz S,Honda,2009.0,169999.0,24695.0,Petrol
330,Hyundai Grand i10,Hyundai,2017.0,450000.0,15141.0,Petrol
331,Maruti Suzuki Zen,Maruti,2001.0,40000.0,40000.0,Petrol
332,Mahindra Scorpio W,Mahindra,2012.0,165000.0,65000.0,Diesel
333,Swift Dzire Tour,Swift,,370000.0,,Diesel
334,Maruti Suzuki Alto,Maruti,2014.0,270000.0,22000.0,Petrol
335,Hyundai Grand i10,Hyundai,2016.0,280000.0,59910.0,Diesel
336,Mahindra XUV500 W8,Mahindra,2012.0,560000.0,100000.0,Diesel
337,Hyundai Creta 1.6,Hyundai,2016.0,950000.0,25000.0,Petrol
338,Hyundai i20 Magna,Hyundai,2013.0,310000.0,35000.0,Petrol
339,Renault Duster 85,Renault,2015.0,715000.0,65000.0,Diesel
340,Hyundai Grand i10,Hyundai,2014.0,340000.0,35000.0,Petrol
341,Honda Brio V,Honda,2012.0,235000.0,33000.0,Petrol
342,Mahindra TUV300 T4,Mahindra,2017.0,610000.0,68000.0,Diesel
343,Chevrolet Spark LS,Chevrolet,2010.0,95000.0,23000.0,Petrol
344,Mahindra TUV300 T8,Mahindra,2018.0,1000000.0,4500.0,Diesel
345,Maruti Suzuki Swift,Maruti,2015.0,220000.0,129000.0,Diesel
346,Nissan X Trail,Nissan,2019.0,1200000.0,300.0,Diesel
347,Maruti Suzuki Alto,Maruti,2015.0,230000.0,5000.0,Petrol
348,Ford Ikon 1.3,Ford,2001.0,45000.0,65000.0,Petrol
349,Toyota Fortuner 3.0,Toyota,2010.0,940000.0,131000.0,Diesel
350,Tata Manza ELAN,Tata,2010.0,155555.0,111111.0,Petrol
351,Tata zest x,Tata,,320000.0,,Diesel
352,Mahindra xyl,Mahindra,,350000.0,,Diesel
353,Mercedes Benz A,Mercedes,2013.0,1500000.0,14000.0,Petrol
354,Chevrolet Beat LS,Chevrolet,2016.0,210000.0,22000.0,Diesel
355,Ford EcoSport Trend,Ford,2013.0,495000.0,38000.0,Diesel
356,Tata Indigo LS,Tata,2016.0,125000.0,70000.0,Diesel
357,Hyundai i20 Magna,Hyundai,2010.0,195000.0,36000.0,Petrol
358,Volkswagen Vento Highline,Volkswagen,2015.0,550000.0,34000.0,Diesel
359,Renault Kwid RXT,Renault,2015.0,270000.0,43000.0,Petrol
360,Used Commercial Maruti,Used,,150000.0,,Diesel
361,Ford EcoSport Titanium,Ford,2014.0,500000.0,40000.0,Diesel
362,Honda Amaze 1.5,Honda,2016.0,240000.0,160000.0,Diesel
363,Hyundai Verna 1.6,Hyundai,2017.0,800000.0,12000.0,Petrol
364,BMW 5 Series,BMW,2011.0,1299000.0,49000.0,Diesel
365,Skoda Superb 1.8,Skoda,2011.0,530000.0,68000.0,Petrol
366,Audi Q3 2.0,Audi,2013.0,1499000.0,37000.0,Diesel
367,Mahindra Bolero DI,Mahindra,2012.0,220000.0,59466.0,Diesel
368,Maruti Suzuki Zen,Maruti,2011.0,,16000.0,Petrol
369,Ford Figo Duratorq,Ford,2012.0,250000.0,99000.0,Diesel
370,Maruti Suzuki Wagon,Maruti,2018.0,395000.0,25500.0,Petrol
371,Mahindra Logan Diesel,Mahindra,2009.0,130000.0,66000.0,Petrol
372,Tata Nano GenX,Tata,2010.0,32000.0,44005.0,Petrol
373,Mahindra TUV300 T4,Mahindra,2016.0,540000.0,35000.0,Diesel
374,Hyundai Elite i20,Hyundai,2015.0,405000.0,28000.0,Petrol
375,Hyundai Elite i20,Hyundai,2015.0,400000.0,30000.0,Petrol
376,Honda City SV,Honda,2017.0,760000.0,4000.0,Petrol
377,Maruti Suzuki Baleno,Maruti,2016.0,500000.0,28000.0,Petrol
378,Ford Figo Petrol,Ford,2011.0,175000.0,75000.0,Petrol
379,Honda City,Honda,2017.0,750000.0,3000.0,Petrol
380,Hyundai Elite i20,Hyundai,2015.0,419000.0,20000.0,Petrol
381,Maruti Suzuki Versa,Maruti,2004.0,90000.0,50000.0,Petrol
382,Hyundai Eon Era,Hyundai,2018.0,140000.0,2110.0,Petrol
383,Mitsubishi Pajero Sport,Mitsubishi,2015.0,1540000.0,43222.0,Petrol
384,Hyundai i10 Magna,Hyundai,2008.0,275000.0,100200.0,Petrol
385,Toyota Corolla H2,Toyota,2003.0,150000.0,100000.0,Petrol
386,Maruti Suzuki Swift,Maruti,2011.0,230000.0,65.0,Petrol
387,Tata Indigo CS,Tata,2015.0,123000.0,100000.0,Diesel
388,Hyundai Xcent Base,Hyundai,2016.0,300000.0,140000.0,Diesel
389,Hyundai Accent Executive,Hyundai,2009.0,165000.0,48000.0,Petrol
390,Maruti Suzuki Baleno,Maruti,2016.0,498000.0,22000.0,Petrol
391,Tata Zest XE,Tata,2018.0,480000.0,103553.0,Diesel
392,Maruti Suzuki Dzire,Maruti,2017.0,488000.0,80000.0,Diesel
393,Tata Sumo Gold,Tata,2014.0,250000.0,99000.0,Diesel
394,Toyota Corolla Altis,Toyota,2010.0,220000.0,58000.0,Petrol
395,Maruti Suzuki Eeco,Maruti,2013.0,290000.0,70000.0,LPG
396,Toyota Fortuner 3.0,Toyota,2015.0,1525000.0,120000.0,Diesel
397,Mahindra XUV500 W6,Mahindra,2013.0,548900.0,49800.0,Diesel
398,Tata Tigor Revotron,Tata,2019.0,650000.0,100.0,Diesel
399,Maruti Suzuki 800,Maruti,2001.0,55000.0,81876.0,Petrol
400,Maruti Suzuki Ertiga,Maruti,2015.0,550000.0,75000.0,Petrol
401,Honda Mobilio S,Honda,2014.0,399000.0,44000.0,Diesel
402,Maruti Suzuki Ertiga,Maruti,2016.0,730000.0,55000.0,Diesel
403,Maruti Suzuki Vitara,Maruti,2017.0,725000.0,36000.0,Diesel
404,Hyundai Verna 1.6,Hyundai,2016.0,195000.0,56000.0,Diesel
405,Maruti Suzuki Swift,Maruti,2007.0,130000.0,62000.0,Petrol
406,Maruti Suzuki Omni,Maruti,2014.0,190000.0,6020.0,Petrol
407,Honda Amaze,Honda,2013.0,250000.0,55700.0,Diesel
408,Tata Indica,Tata,2005.0,80000.0,42000.0,Petrol
409,Hyundai Santro Xing,Hyundai,2003.0,120000.0,50000.0,Petrol
410,Maruti Suzuki Zen,Maruti,2010.0,149000.0,35000.0,Petrol
411,Maruti Suzuki Wagon,Maruti,2014.0,250000.0,18500.0,Petrol
412,Maruti Suzuki Wagon,Maruti,2007.0,120000.0,7000.0,Petrol
413,Honda Brio VX,Honda,2017.0,450000.0,11000.0,Petrol
414,Hyundai Xcent Base,Hyundai,2015.0,,180000.0,Diesel
415,Maruti Suzuki Zen,Maruti,2003.0,99999.0,53000.0,Petrol
416,Maruti Suzuki Zen,Maruti,2008.0,135000.0,23000.0,Petrol
417,Maruti Suzuki Wagon,Maruti,2016.0,225000.0,35500.0,Diesel
418,Maruti Suzuki Alto,Maruti,2010.0,99000.0,22134.0,Petrol
419,Renault Kwid RXT,Renault,2019.0,370000.0,1000.0,Petrol
420,Tata Nano Lx,Tata,2010.0,52000.0,9000.0,Petrol
421,Jaguar XE XE,Jaguar,2016.0,2800000.0,8500.0,Petrol
422,Hyundai Xcent S,Hyundai,2015.0,,35000.0,Petrol
423,Hyundai Eon Magna,Hyundai,2014.0,190000.0,35000.0,Petrol
424,Honda City 1.5,Honda,2014.0,499000.0,22000.0,Petrol
425,Hindustan Motors Ambassador,Hindustan,2002.0,90000.0,25000.0,Diesel
426,Maruti Suzuki Ritz,Maruti,2010.0,149000.0,40000.0,Petrol
427,Hyundai Grand i10,Hyundai,2017.0,400000.0,20000.0,Petrol
428,Hyundai Eon D,Hyundai,2016.0,120000.0,87000.0,Petrol
429,Maruti Suzuki Swift,Maruti,2015.0,250000.0,55000.0,Petrol
430,Maruti Suzuki Wagon,Maruti,2017.0,375000.0,23000.0,Petrol
431,Honda Amaze 1.2,Honda,2014.0,381000.0,6000.0,Petrol
432,Maruti Suzuki Estilo,Maruti,2013.0,180000.0,65000.0,Petrol
433,Maruti Suzuki Vitara,Maruti,2016.0,580000.0,25000.0,Diesel
434,Maruti Suzuki Eeco,Maruti,2015.0,278000.0,39000.0,Petrol
435,Toyota Innova 2.0,Toyota,2009.0,,15574.0,Diesel
436,Hyundai Creta 1.6,Hyundai,2016.0,1000000.0,8000.0,Petrol
437,Mahindra Scorpio Vlx,Mahindra,2013.0,690000.0,75000.0,Diesel
438,Maruti Suzuki Ertiga,Maruti,2012.0,480000.0,51000.0,Diesel
439,Mitsubishi Lancer 1.8,Mitsubishi,2006.0,85000.0,50000.0,Petrol
440,Maruti Suzuki Maruti,Maruti,2001.0,40000.0,75000.0,Petrol
441,Maruti Suzuki Alto,Maruti,2015.0,90000.0,55800.0,Petrol
442,Hyundai Grand i10,Hyundai,2015.0,340000.0,53000.0,Petrol
443,Hyundai Eon D,Hyundai,2018.0,260000.0,25000.0,Petrol
444,Ford Fiesta SXi,Ford,2009.0,250000.0,56400.0,Petrol
445,Maruti Suzuki Ritz,Maruti,2010.0,180000.0,72160.0,Diesel
446,Hyundai Verna Fluidic,Hyundai,2012.0,350000.0,10000.0,Diesel
447,Maruti Suzuki Wagon,Maruti,2006.0,90001.0,48000.0,Petrol
448,Maruti Suzuki Estilo,Maruti,2007.0,115000.0,36000.0,Petrol
449,Audi A6 2.0,Audi,2012.0,1599000.0,11500.0,Diesel
450,Maruti Suzuki Wagon,Maruti,2003.0,130000.0,133000.0,Petrol
451,Maruti Suzuki Wagon,Maruti,2009.0,159000.0,27000.0,Petrol
452,Maruti Suzuki Wagon,Maruti,2009.0,160000.0,35000.0,Petrol
453,Maruti Suzuki Alto,Maruti,2010.0,110000.0,55000.0,Petrol
454,Maruti Suzuki Baleno,Maruti,2016.0,425000.0,40000.0,Petrol
455,Hyundai Verna 1.6,Hyundai,2019.0,900000.0,2000.0,Petrol
456,Maruti Suzuki Swift,Maruti,2009.0,150000.0,45000.0,Petrol
457,Hyundai Getz Prime,Hyundai,2009.0,110000.0,20000.0,Petrol
458,Hyundai Santro,Hyundai,2000.0,51999.0,88000.0,Petrol
459,Hyundai Getz Prime,Hyundai,2009.0,115000.0,20000.0,Petrol
460,Chevrolet Beat PS,Chevrolet,2012.0,215000.0,65422.0,Diesel
461,Ford EcoSport Trend,Ford,2017.0,580000.0,10000.0,Petrol
462,Maruti Suzuki Dzire,Maruti,2013.0,380000.0,35000.0,Petrol
463,Hyundai Fluidic Verna,Hyundai,2013.0,350000.0,117000.0,Diesel
464,Tata Indica V2,Tata,2005.0,35000.0,150000.0,Diesel
465,BMW X1 xDrive20d,BMW,2011.0,1150000.0,72000.0,Diesel
466,Hyundai i20 Asta,Hyundai,2010.0,300000.0,10750.0,Petrol
467,Honda City 1.5,Honda,2009.0,269000.0,55000.0,Petrol
468,Tata Nano,Tata,2013.0,60000.0,6800.0,Petrol
469,Chevrolet Cruze LTZ,Chevrolet,2014.0,400000.0,41000.0,Diesel
470,Hyundai Verna Fluidic,Hyundai,2015.0,430000.0,73000.0,Diesel
471,Hyun,Hyundai,,,,Diesel
472,Maruti Suzuki Swift,Maruti,2011.0,140000.0,65000.0,Diesel
473,Mahindra XUV500 W6,Mahindra,2014.0,8500003.0,45000.0,Diesel
474,Mahindra XUV500 W10,Mahindra,2018.0,1299000.0,40000.0,Diesel
475,Maruti Suzuki Alto,Maruti,2014.0,199000.0,37000.0,Petrol
476,Hyundai Accent GLE,Hyundai,2006.0,90000.0,55000.0,Petrol
477,Force Motors One,Force,2013.0,550000.0,140000.0,Diesel
478,Datsun Go Plus,Datsun,2016.0,,5.0,Petrol
479,Maruti Suzuki Alto,Maruti,2019.0,265000.0,9800.0,Petrol
480,Chevrolet Spark 1.0,Chevrolet,2011.0,100000.0,27000.0,Petrol
481,Hyundai i10,Hyundai,2009.0,215000.0,27000.0,Petrol
482,Toyota Etios Liva,Toyota,2012.0,380000.0,20000.0,Diesel
483,Renault Duster 85PS,Renault,2013.0,401919.0,57923.0,Diesel
484,Chevrolet Enjoy,Chevrolet,2014.0,490000.0,30201.0,Diesel
485,Maruti Suzuki Alto,Maruti,2017.0,280000.0,6200.0,Petrol
486,BMW 5 Series,BMW,2009.0,650000.0,37518.0,Petrol
487,Toyota Etios Liva,Toyota,2014.0,160000.0,24652.0,Petrol
488,Mahindra Jeep MM,Mahindra,2004.0,424000.0,383.0,Diesel
489,Chevrolet Beat LS,Chevrolet,2016.0,225000.0,95000.0,Diesel
490,Chevrolet Cruze LTZ,Chevrolet,2011.0,350000.0,35000.0,Diesel
491,Jeep Wrangler Unlimited,Jeep,2015.0,950000.0,3528.0,Diesel
492,Maruti Suzuki Ertiga,Maruti,2013.0,485000.0,52500.0,Diesel
493,Hyundai Verna VGT,Hyundai,2010.0,205000.0,47900.0,Diesel
494,Maruti Suzuki Omni,Maruti,2012.0,160000.0,14000.0,Petrol
495,Maruti Suzuki Celerio,Maruti,2018.0,310000.0,37000.0,Petrol
496,Tata Zest Quadrajet,Tata,2017.0,180000.0,90000.0,Diesel
497,Mahindra XUV500 W6,Mahindra,2013.0,549900.0,52800.0,Diesel
498,Tata Indigo CS,Tata,2016.0,150000.0,104000.0,Diesel
499,Hyundai i10 Era,Hyundai,2011.0,175000.0,30000.0,Petrol
500,Tata Indigo eCS,Tata,2014.0,95000.0,195000.0,Diesel
501,Tata Indigo LX,Tata,2016.0,230000.0,104000.0,Diesel
502,Tata Indigo eCS,Tata,2016.0,230000.0,104000.0,Diesel
503,Tata Indigo Marina,Tata,2004.0,180000.0,70000.0,Diesel
504,Commercial Chevrolet Sail,Commercial,,225000.0,,Diesel
505,Hyundai Xcent SX,Hyundai,2015.0,400000.0,43000.0,Diesel
506,Hyundai Eon Magna,Hyundai,2013.0,185000.0,23000.0,Petrol
507,Renault Duster 85,Renault,2015.0,385000.0,51000.0,Diesel
508,Maruti Suzuki Alto,Maruti,2009.0,90000.0,62000.0,Petrol
509,Tata Nano LX,Tata,2010.0,32000.0,48008.0,Petrol
510,Commercial Car Ta,Commercial,,371500.0,,Diesel
511,Renault Duster 110,Renault,2013.0,435000.0,39000.0,Diesel
512,Maruti Suzuki Wagon,Maruti,2010.0,225000.0,40000.0,Petrol
513,Maruti Suzuki Swift,Maruti,2006.0,189700.0,48247.0,Petrol
514,Maruti Suzuki Ertiga,Maruti,2012.0,389700.0,39000.0,Diesel
515,Maruti Suzuki Swift,Maruti,2014.0,365000.0,23000.0,Petrol
516,Maruti Suzuki Alto,Maruti,2017.0,360000.0,9400.0,Petrol
517,Hyundai i20 Magna,Hyundai,2010.0,210000.0,50000.0,Petrol
518,Hyundai i10 Magna,Hyundai,2009.0,170000.0,75000.0,Petrol
519,tata Indica,tata,,130000.0,,Diesel
520,Tata Zest XE,Tata,2017.0,380000.0,70000.0,Diesel
521,Mahindra Xylo E8,Mahindra,2009.0,295000.0,64000.0,Diesel
522,Toyota Corolla Altis,Toyota,2010.0,185000.0,55000.0,Petrol
523,Tata Manza Aqua,Tata,2014.0,160000.0,200000.0,Diesel
524,Mahindra KUV100 K8,Mahindra,2018.0,,7500.0,Diesel
525,Used bt new,Used,,255000.0,,Diesel
526,Renault Kwid 1.0,Renault,2018.0,290000.0,2137.0,Petrol
527,Sale tata,Sale,,100000.0,,Diesel
528,Tata Venture EX,Tata,2013.0,100000.0,30000.0,Diesel
529,Maruti Suzuki Swift,Maruti,2014.0,315000.0,44000.0,Petrol
530,Maruti Suzuki Alto,Maruti,2002.0,,56000.0,Petrol
531,Skoda Octavia Classic,Skoda,2006.0,114990.0,65000.0,Diesel
532,Maruti Suzuki Omni,Maruti,2012.0,120000.0,160000.0,LPG
533,Chevrolet Beat Diesel,Chevrolet,2011.0,125000.0,56000.0,Diesel
534,Tata Sumo Gold,Tata,2012.0,210000.0,75000.0,Diesel
535,Tata indigo 2017,Tata,,170000.0,,Diesel
536,Hyundai Verna 1.6,Hyundai,2018.0,855000.0,42000.0,Diesel
537,Mahindra Scorpio 2.6,Mahindra,2007.0,260000.0,56000.0,Diesel
538,Maruti Suzuki Zen,Maruti,2002.0,95000.0,10544.0,Petrol
539,Maruti Suzuki Swift,Maruti,2011.0,255000.0,64000.0,Petrol
540,Mahindra Scorpio SLX,Mahindra,2008.0,300000.0,70000.0,Diesel
541,Hyundai Grand i10,Hyundai,2014.0,340000.0,25000.0,Petrol
542,Hyundai Elite i20,Hyundai,2017.0,550000.0,15000.0,Petrol
543,Ford Ikon 1.6,Ford,2003.0,60000.0,50000.0,Petrol
544,Hyundai Elite i20,Hyundai,2015.0,,49500.0,Petrol
545,Tata indigo,Tata,,150000.0,,Diesel
546,Toyota Innova 2.5,Toyota,2011.0,750000.0,147000.0,Diesel
547,Nissan Sunny XL,Nissan,2011.0,230000.0,52000.0,Petrol
548,Chevrolet Beat LT,Chevrolet,2012.0,130000.0,90001.0,Diesel
549,Maruti Suzuki Alto,Maruti,2017.0,270000.0,21000.0,Petrol
550,Maruti Suzuki Swift,Maruti,2012.0,280000.0,48006.0,Diesel
551,Maruti Suzuki Swift,Maruti,2012.0,280000.0,48006.0,Diesel
552,very good condition,very,,200000.0,,Diesel
553,Toyota Innova 2.0,Toyota,2012.0,600000.0,80000.0,Diesel
554,Sale Hyundai xcent,Sale,,,,Diesel
555,Maruti Suzuki Swift,Maruti,2010.0,190000.0,74000.0,Diesel
556,Hyundai Elite i20,Hyundai,2015.0,500000.0,22000.0,Petrol
557,Mahindra XUV500 W10,Mahindra,2016.0,1065000.0,41000.0,Diesel
558,Volkswagen Polo Trendline,Volkswagen,2015.0,350000.0,25000.0,Diesel
559,Toyota Etios Liva,Toyota,2012.0,350000.0,85000.0,Diesel
560,Mahindra TUV300 T4,Mahindra,2016.0,540000.0,29500.0,Diesel
561,Hyundai Elite i20,Hyundai,2015.0,470000.0,30000.0,Petrol
562,Hyundai Santro Xing,Hyundai,2014.0,179000.0,57000.0,Petrol
563,Maruti Suzuki Zen,Maruti,2003.0,48000.0,60000.0,Petrol
564,Maruti Suzuki Ciaz,Maruti,2016.0,650000.0,50000.0,Petrol
565,Hyundai Eon Era,Hyundai,2013.0,190000.0,39700.0,Petrol
566,Hyundai Elantra 1.8,Hyundai,2012.0,500000.0,65000.0,Petrol
567,Maruti Suzuki Swift,Maruti,2010.0,270000.0,67000.0,Diesel
568,Maruti Suzuki Zen,Maruti,2008.0,125000.0,46000.0,Petrol
569,Hyundai Eon Era,Hyundai,2012.0,188000.0,38000.0,Petrol
570,Hyundai Grand i10,Hyundai,2016.0,380000.0,27000.0,Petrol
571,Hyundai Verna Fluidic,Hyundai,2011.0,365000.0,43000.0,Diesel
572,Ford EcoSport Trend,Ford,2014.0,465000.0,47000.0,Petrol
573,Hyundai i20 Magna,Hyundai,2011.0,240000.0,42000.0,Petrol
574,Chevrolet Beat Diesel,Chevrolet,2016.0,179999.0,19336.0,Diesel
575,Tata Indica eV2,Tata,2015.0,140000.0,60105.0,Diesel
576,Jaguar XF 2.2,Jaguar,2013.0,2190000.0,29000.0,Diesel
577,Audi Q5 2.0,Audi,2014.0,2390000.0,34000.0,Diesel
578,BMW 3 Series,BMW,2011.0,1075000.0,35000.0,Diesel
579,Maruti Suzuki Swift,Maruti,2015.0,475000.0,22000.0,Petrol
580,BMW X1 sDrive20d,BMW,2012.0,1025000.0,41000.0,Diesel
581,Maruti Suzuki S,Maruti,2016.0,615000.0,21000.0,Diesel
582,Maruti Suzuki Ertiga,Maruti,2013.0,475000.0,48000.0,Diesel
583,Maruti Suzuki Alto,Maruti,2016.0,270000.0,38000.0,Petrol
584,Honda City SV,Honda,2014.0,475000.0,34000.0,Diesel
585,Volkswagen Vento Comfortline,Volkswagen,2011.0,240000.0,45933.0,Petrol
586,Honda City 1.5,Honda,2005.0,120000.0,68000.0,Petrol
587,Audi A4 2.0,Audi,2016.0,1900000.0,44000.0,Diesel
588,Mahindra KUV100,Mahindra,2017.0,360000.0,35000.0,Diesel
589,Tata Zest XE,Tata,2018.0,450000.0,102563.0,Diesel
590,Mahindra XUV500 W8,Mahindra,2015.0,900000.0,28600.0,Diesel
591,Maruti Suzuki Swift,Maruti,2017.0,650000.0,41800.0,Diesel
592,Tata Sumo Gold,Tata,2014.0,275000.0,116000.0,Diesel
593,Maruti Suzuki Swift,Maruti,2009.0,210000.0,59000.0,Petrol
594,Mahindra Scorpio 2.6,Mahindra,2004.0,175000.0,58000.0,Diesel
595,Maruti Suzuki Omni,Maruti,2009.0,85000.0,45000.0,Petrol
596,Mitsubishi Pajero Sport,Mitsubishi,2015.0,1490000.0,42590.0,Diesel
597,Renault Duster,Renault,2014.0,800000.0,7400.0,Diesel
598,Volkswagen Jetta Comfortline,Volkswagen,2009.0,450000.0,54500.0,Diesel
599,Maruti Suzuki Ertiga,Maruti,2012.0,1000000.0,200000.0,Diesel
600,Audi A4 2.0,Audi,2013.0,1510000.0,27000.0,Diesel
601,Volvo S80 Summum,Volvo,2015.0,1850000.0,42000.0,Diesel
602,Toyota Corolla Altis,Toyota,2014.0,790000.0,29000.0,Petrol
603,Mitsubishi Pajero Sport,Mitsubishi,2015.0,1725000.0,37000.0,Diesel
604,Chevrolet Beat LT,Chevrolet,2012.0,135000.0,36000.0,Petrol
605,BMW X1,BMW,2011.0,1000000.0,34000.0,Diesel
606,Datsun Redi GO,Datsun,2018.0,299999.0,7000.0,Petrol
607,Mercedes Benz C,Mercedes,2009.0,1225000.0,76000.0,Diesel
608,Mahindra Scorpio SLX,Mahindra,2004.0,175000.0,60000.0,Diesel
609,Volkswagen Vento Comfortline,Volkswagen,2011.0,200000.0,95000.0,Diesel
610,Tata Indigo CS,Tata,2017.0,270000.0,50000.0,Diesel
611,Ford Figo Petrol,Ford,2019.0,525000.0,0.0,Petrol
612,Honda City ZX,Honda,2006.0,180000.0,50000.0,Petrol
613,Maruti Suzuki Wagon,Maruti,2008.0,140000.0,68000.0,Petrol
614,Ford EcoSport Trend,Ford,2014.0,400000.0,16000.0,Petrol
615,Maruti Suzuki Swift,Maruti,2016.0,499000.0,51000.0,Diesel
616,Maruti Suzuki Omni,Maruti,2009.0,85000.0,56000.0,Petrol
617,Maruti Suzuki Zen,Maruti,2004.0,70000.0,100000.0,Petrol
618,Renault Duster RxL,Renault,2015.0,550000.0,36000.0,Petrol
619,Maruti Suzuki Swift,Maruti,2014.0,370000.0,11523.0,Petrol
620,Maruti Suzuki Baleno,Maruti,2018.0,690000.0,1000.0,Petrol
621,Honda WR V,Honda,2009.0,250000.0,60000.0,Petrol
622,Tata Indigo CS,Tata,2016.0,110000.0,85000.0,Diesel
623,Renault Duster 110,Renault,2013.0,490000.0,38600.0,Diesel
624,Mahindra Scorpio LX,Mahindra,2009.0,320000.0,95500.0,Diesel
625,Maruti Suzuki Zen,Maruti,2004.0,68000.0,56000.0,Petrol
626,Maruti Suzuki Wagon,Maruti,2014.0,130000.0,37458.0,Petrol
627,Maruti Suzuki SX4,Maruti,2016.0,970000.0,85960.0,Diesel
628,Audi A3 Cabriolet,Audi,2015.0,3100000.0,12516.0,Petrol
629,Hyundai Eon D,Hyundai,2018.0,280000.0,35000.0,Petrol
630,Maruti Suzuki Zen,Maruti,2009.0,125000.0,0.0,Petrol
631,Mahindra Scorpio SLX,Mahindra,2008.0,285000.0,80000.0,Diesel
632,I want to,I,,475000.0,,Diesel
633,Hyundai Santro AE,Hyundai,2011.0,165000.0,45000.0,Petrol
634,i want sale,i,,320000.0,,Diesel
635,Maruti Suzuki Swift,Maruti,2009.0,250000.0,51000.0,Diesel
636,Tata ZEST 6,Tata,,370000.0,,Diesel
637,Mahindra Xylo D2,Mahindra,2011.0,390000.0,48000.0,Diesel
638,Hyundai Santro,Hyundai,2003.0,60000.0,51000.0,Petrol
639,Chevrolet Beat LT,Chevrolet,2015.0,215000.0,90000.0,Diesel
640,Maruti Suzuki Swift,Maruti,2015.0,475000.0,43000.0,Diesel
641,Mahindra XUV500 W8,Mahindra,2015.0,899000.0,53000.0,Diesel
642,Toyota Fortuner 3.0,Toyota,2013.0,1499000.0,97000.0,Diesel
643,Maruti Suzuki Alto,Maruti,2013.0,240000.0,20000.0,Petrol
644,Hyundai Getz GLE,Hyundai,2007.0,99000.0,55000.0,Petrol
645,Maruti Suzuki Swift,Maruti,2014.0,260000.0,120000.0,Diesel
646,Hyundai Creta 1.6,Hyundai,2019.0,1200000.0,0.0,Petrol
647,Hyundai Santro Xing,Hyundai,2007.0,115000.0,46000.0,Petrol
648,Hyundai Santro Xing,Hyundai,2009.0,88000.0,43200.0,Petrol
649,Mahindra Xylo D2,Mahindra,2011.0,390000.0,56000.0,Diesel
650,Hyundai Santro Xing,Hyundai,2007.0,135000.0,42000.0,Petrol
651,Tata Indica V2,Tata,2009.0,90000.0,30600.0,Diesel
652,Hyundai i10 Sportz,Hyundai,2011.0,220000.0,38000.0,Petrol
653,Hyundai Grand i10,Hyundai,2017.0,424999.0,2550.0,Petrol
654,Hyundai Santro Xing,Hyundai,2007.0,135000.0,47000.0,Petrol
655,Honda City 1.5,Honda,2005.0,95000.0,41000.0,Petrol
656,Nissan Micra XL,Nissan,2017.0,430000.0,62500.0,Diesel
657,Honda City 1.5,Honda,2005.0,115000.0,68000.0,Petrol
658,Maruti Suzuki Alto,Maruti,2015.0,215000.0,50000.0,Petrol
659,Maruti Suzuki Wagon,Maruti,2004.0,53000.0,69000.0,Petrol
660,Maruti Suzuki Ertiga,Maruti,2012.0,500000.0,48000.0,Diesel
661,Tata Indica eV2,Tata,2012.0,85000.0,55000.0,Diesel
662,Maruti Suzuki Omni,Maruti,2013.0,165000.0,25000.0,Petrol
663,Hyundai Eon Era,Hyundai,2014.0,200000.0,28400.0,Petrol
664,Hyundai Eon,Hyundai,2014.0,200000.0,28000.0,Petrol
665,Maruti Suzuki Swift,Maruti,2015.0,425000.0,42000.0,Diesel
666,MARUTI SUZUKI ERTIGA,MARUTI,,650000.0,,Diesel
667,Hyundai Verna 1.6,Hyundai,2012.0,600000.0,29000.0,Diesel
668,Chevrolet Tavera LS,Chevrolet,2005.0,130000.0,68485.0,Diesel
669,Tata Tiago Revotron,Tata,2018.0,430000.0,3500.0,Petrol
670,Tata Tiago Revotorq,Tata,2019.0,568500.0,0.0,Petrol
671,Tata Nexon,Tata,2019.0,,0.0,Petrol
672,Tata,Tata,,,,Diesel
673,Maruti Suzuki Zen,Maruti,2006.0,71000.0,32000.0,Petrol
674,Mahindra KUV100 K8,Mahindra,2018.0,560000.0,8000.0,Diesel
675,Ford EcoSport Titanium,Ford,2014.0,590000.0,34000.0,Diesel
676,Hindustan Motors Ambassador,Hindustan,1995.0,750000.0,37000.0,Petrol
677,Ford Fusion 1.4,Ford,2007.0,125000.0,85455.0,Diesel
678,Hyundai Santro Xing,Hyundai,2007.0,135000.0,46000.0,Petrol
679,Hyundai Santro,Hyundai,2002.0,60000.0,47000.0,Petrol
680,Fiat Linea Emotion,Fiat,2009.0,120000.0,64000.0,Petrol
681,Ford Ikon 1.3,Ford,2008.0,95000.0,46000.0,Petrol
682,Maruti Suzuki Omni,Maruti,2017.0,240000.0,8000.0,Petrol
683,Tata Indica V2,Tata,2012.0,115000.0,64000.0,Diesel
684,Mahindra Scorpio S4,Mahindra,2015.0,795000.0,63000.0,Diesel
685,Hyundai Santro Xing,Hyundai,2007.0,55000.0,65000.0,Petrol
686,Mahindra Xylo D2,Mahindra,2009.0,300000.0,62000.0,Diesel
687,Hyundai Grand i10,Hyundai,2014.0,320000.0,41000.0,Petrol
688,Maruti Suzuki Alto,Maruti,2015.0,265000.0,14000.0,Petrol
689,Toyota Corolla,Toyota,2006.0,160000.0,40000.0,Petrol
690,Hyundai Eon Magna,Hyundai,2017.0,300000.0,1600.0,Petrol
691,Tata Sumo Grande,Tata,2010.0,130000.0,90000.0,Diesel
692,Maruti Suzuki Swift,Maruti,2011.0,250000.0,58000.0,Diesel
693,Volkswagen Polo Highline1.2L,Volkswagen,2013.0,380000.0,27000.0,Petrol
694,Maruti Suzuki Alto,Maruti,2003.0,42000.0,60000.0,Petrol
695,Tata Tiago Revotron,Tata,2017.0,400000.0,31000.0,Petrol
696,Maruti Suzuki Swift,Maruti,2009.0,120000.0,90000.0,Diesel
697,Maruti Suzuki Swift,Maruti,2009.0,120000.0,90000.0,Diesel
698,Tata Indigo eCS,Tata,2016.0,130000.0,150000.0,Diesel
699,Chevrolet Beat LS,Chevrolet,2014.0,189000.0,31000.0,Diesel
700,2012 Tata Sumo,2012,,250000.0,,Diesel
701,Mahindra Xylo E8,Mahindra,2011.0,365000.0,43000.0,Diesel
702,Hyundai Eon D,Hyundai,2013.0,170000.0,20000.0,Petrol
703,Well mentained Tata,Well,,380000.0,,Diesel
704,all paper updated,all,,145000.0,,Diesel
705,Maruti Ertiga showroom,Maruti,,480000.0,,Diesel
706,7 SEATER MAHINDRA,7,,,,Diesel
707,9 SEATER MAHINDRA,9,,,,Diesel
708,scratch less Tata,scratch,,140000.0,,Diesel
709,Maruti Suzuki swift,Maruti,,360000.0,,Diesel
710,Commercial Chevrolet beat,Commercial,,180000.0,,Diesel
711,urgent sell my,urgent,,350000.0,,Diesel
712,Tata Sumo Gold,Tata,2013.0,215000.0,100000.0,Petrol
713,sell my car,sell,,300000.0,,Diesel
714,Maruti Suzuki Swift,Maruti,,310000.0,,Diesel
715,Hyunda,Hyundai,,,,Diesel
716,Commercial Maruti Suzuki,Commercial,,,,Diesel
717,urgent sale Ta,urgent,,220000.0,,Diesel
718,Maruti Suzuki Alto,Maruti,,95000.0,,Diesel
719,tata,tata,,,,Diesel
720,TATA INDI,TATA,,110000.0,,Diesel
721,Tata Nano,Tata,2013.0,60000.0,7000.0,Petrol
722,Hyundai Elite i20,Hyundai,2017.0,599999.0,31000.0,Petrol
723,Hyundai i10 Magna,Hyundai,2009.0,400000.0,33000.0,Petrol
724,Hyundai Creta,Hyundai,2016.0,900000.0,60000.0,Diesel
725,Volkswagen Polo,Volkswagen,2013.0,299999.0,48000.0,Diesel
726,Maruti Suzuki Dzire,Maruti,2014.0,374999.0,33000.0,Petrol
727,Tata Bolt XM,Tata,2015.0,600000.0,15000.0,Petrol
728,Maruti Suzuki Alto,Maruti,2005.0,70000.0,47000.0,Petrol
729,Maruti Suzuki Alto,Maruti,2005.0,100000.0,40000.0,Petrol
730,Hyundai Venue,Hyundai,2019.0,,7000.0,Diesel
731,Maruti Suzuki Ritz,Maruti,2010.0,150000.0,38000.0,Diesel
732,Maruti Suzuki Alto,Maruti,2017.0,225000.0,12500.0,Petrol
733,Maruti Suzuki Dzire,Maruti,2009.0,210000.0,42000.0,Petrol
734,Renault Lodgy,Renault,2016.0,,20000.0,Diesel
735,Hyundai i20 Asta,Hyundai,2014.0,425000.0,31000.0,Petrol
736,Maruti Suzuki Swift,Maruti,2008.0,162000.0,60000.0,Diesel
737,Tata Indica V2,Tata,2005.0,60000.0,80000.0,Diesel
738,Mahindra Scorpio VLX,Mahindra,2014.0,650000.0,77000.0,Diesel
739,Toyota Innova 2.5,Toyota,2012.0,750000.0,75000.0,Diesel
740,Mahindra Xylo E8,Mahindra,2010.0,375000.0,40000.0,Diesel
741,Hyundai i20 Magna,Hyundai,2011.0,230000.0,47000.0,Petrol
742,Maruti Suzuki Omni,Maruti,2000.0,35999.0,60000.0,Petrol
743,Mahindra KUV100,Mahindra,2016.0,380000.0,26500.0,Petrol
744,Mahindra KUV100 K8,Mahindra,2019.0,560000.0,2875.0,Petrol
745,Datsun Go Plus,Datsun,2016.0,285000.0,13900.0,Petrol
746,Ford Endeavor 4x4,Ford,2019.0,2900000.0,9000.0,Diesel
747,Tata Indica V2,Tata,2005.0,39999.0,80000.0,Diesel
748,Hyundai Santro Xing,Hyundai,2006.0,85000.0,60000.0,Petrol
749,Maruti Suzuki Wagon,Maruti,2016.0,395000.0,20000.0,Petrol
750,Maruti Suzuki Swift,Maruti,2008.0,175000.0,58000.0,Diesel
751,Maruti Suzuki Alto,Maruti,2019.0,400000.0,1500.0,Petrol
752,Toyota Innova 2.5,Toyota,2011.0,750000.0,75000.0,Diesel
753,Any type car,Any,,170000.0,,Diesel
754,Maruti Suzuki Alto,Maruti,2016.0,250000.0,2450.0,Petrol
755,Maruti Suzuki Alto,Maruti,2019.0,425000.0,1625.0,Petrol
756,Maruti Suzuki Alto,Maruti,2019.0,,1500.0,Petrol
757,Volkswagen Polo Highline1.2L,Volkswagen,2017.0,525000.0,45000.0,Petrol
758,Mahindra Logan,Mahindra,2009.0,130000.0,65000.0,Diesel
759,Maruti Suzuki 800,Maruti,2000.0,30000.0,33400.0,Petrol
760,Mahindra Scorpio,Mahindra,2011.0,475000.0,60123.0,Diesel
761,Chevrolet Sail 1.2,Chevrolet,2013.0,300000.0,28000.0,Petrol
762,Volkswagen Vento Highline,Volkswagen,2015.0,,38900.0,Diesel
763,Hyundai Santro AE,Hyundai,2003.0,60000.0,70000.0,Petrol
764,Maruti Suzuki Wagon,Maruti,2006.0,100000.0,7000.0,Petrol
765,Hyundai Eon,Hyundai,2018.0,260000.0,25000.0,Petrol
766,Tata Manza,Tata,2015.0,100000.0,100000.0,Diesel
767,Toyota Innova 2.0,Toyota,2019.0,,4000.0,Petrol
768,Toyota Etios G,Toyota,2013.0,265000.0,42000.0,Petrol
769,Toyota Qualis,Toyota,2003.0,180000.0,100000.0,Diesel
770,Hyundai Santro Xing,Hyundai,2004.0,45000.0,137495.0,Petrol
771,Tata Indica eV2,Tata,2016.0,50500.0,91200.0,Diesel
772,Honda City 1.5,Honda,2009.0,270000.0,55000.0,Petrol
773,Tata Zest XE,Tata,2017.0,290000.0,120000.0,Diesel
774,Mahindra Quanto C4,Mahindra,2013.0,325000.0,63000.0,Diesel
775,Tata Indigo eCS,Tata,2016.0,160000.0,104000.0,Diesel
776,Maruti Suzuki Swift,Maruti,2016.0,350000.0,146000.0,Diesel
777,Hyundai Elite i20,Hyundai,2011.0,290000.0,40000.0,Petrol
778,Hyundai i20 Select,Hyundai,2011.0,290000.0,40000.0,Petrol
779,Chevrolet Tavera Neo,Chevrolet,2007.0,465000.0,100800.0,Diesel
780,Maruti Suzuki Dzire,Maruti,2016.0,325000.0,150000.0,Diesel
781,Hyundai Elite i20,Hyundai,2018.0,510000.0,2100.0,Petrol
782,Honda City VX,Honda,2016.0,860000.0,95000.0,Petrol
783,Maruti Suzuki Dzire,Maruti,2016.0,450000.0,2500.0,Diesel
784,Hyundai Getz,Hyundai,2006.0,125000.0,80000.0,Petrol
785,Mercedes Benz C,Mercedes,2006.0,500001.0,15000.0,Petrol
786,Maruti Suzuki Alto,Maruti,2005.0,95000.0,65000.0,Petrol
787,Skoda Fabia,Skoda,2009.0,110000.0,45000.0,Petrol
788,Maruti Suzuki Alto,Maruti,2015.0,,70000.0,Petrol
789,Maruti Suzuki Ritz,Maruti,2011.0,270000.0,50000.0,Petrol
790,tata zest 2017,tata,,450000.0,,Diesel
791,Tata Indica V2,Tata,2009.0,110000.0,30000.0,Diesel
792,Toyota Corolla Altis,Toyota,2009.0,300000.0,132000.0,Petrol
793,Ta,Tara,,310000.0,,Diesel
794,Tata Zest XM,Tata,2018.0,260000.0,27000.0,Diesel
795,Mahindra Quanto C8,Mahindra,2013.0,390000.0,40000.0,Diesel
796,Honda Amaze 1.2,Honda,2014.0,180000.0,,Diesel
797,Chevrolet Sail 1.2,Chevrolet,2014.0,160000.0,,Diesel
